﻿<?xml version="1.0" encoding="utf-8" ?>
<Years>
  <Year>
    <Number>2019</Number>
    <Value>2019</Value>
  </Year>
  <Year>
    <Number>1994</Number>
    <Value>1994</Value>
  </Year>
  <Year>
    <Number>1995</Number>
    <Value>1995</Value>
  </Year>
  <Year>
    <Number>1996</Number>
    <Value>1996</Value>
  </Year>
  <Year>
    <Number>1997</Number>
    <Value>1997</Value>
  </Year>
  <Year>
    <Number>1998</Number>
    <Value>1998</Value>
  </Year>
  <Year>
    <Number>1999</Number>
    <Value>1999</Value>
  </Year>
  <Year>
    <Number>2000</Number>
    <Value>2000</Value>
  </Year>
  <Year>
    <Number>2001</Number>
    <Value>2001</Value>
  </Year>
  <Year>
    <Number>2002</Number>
    <Value>2002</Value>
  </Year>
  <Year>
    <Number>2003</Number>
    <Value>2003</Value>
  </Year>
  <Year>
    <Number>2004</Number>
    <Value>2004</Value>
  </Year>
  <Year>
    <Number>2005</Number>
    <Value>2005</Value>
  </Year>
  <Year>
    <Number>2006</Number>
    <Value>2006</Value>
  </Year>
</Years>